Name;Link;Categories;Description
Jasper.ai;https://www.insidr.ai/aff/jasper;Copywriting, SEO, Creatives;Create amazing blog posts, art & images, marketing copy, sales emails, SEO content, Facebook ads, web content, captions, video scripts, 10X faster with AI. Jasper is the AI Content Generator that helps you and your team break through creative blocks to create amazing, original content 10X faster.
Nando.ai;https://www.insidr.ai/aff/nando;Copywriting, Marketing, Content;Create High-Converting Copy For Your Online Business In Seconds! Explore Over 60 Powerful Tools to Craft Compelling Product Descriptions, Video Scripts, Ad Concepts, Copy, Blog Posts, Social Media Content, and So Much More.
SinCode;https://www.insidr.ai/aff/sincode;SEO & Copywriting;SinCode humanize your AI written content so you don‚Äôt get negative ratings from Google. SinCode will help you boost your SEO and all types of written content. Create SEO optimized plagiarism-free content for your blog, articles, website, email and all types of written content 10x faster.
GetGenie AI;https://www.insidr.ai/aff/getgenie;SEO;GETgenie is your all-in-one SEO AI-assistant.By consolidating all the capabilities you need into a single WordPress application, GetGenie AI works like magic, saving you time and money on 10+ other tools. Get ahead of the competition with SERP competition research and optimize your SEO game. AI-supported blog posts and sales copy, utilize SEO opportunities with AI-powered SEO keyword analysis.
Semrush;https://www.insidr.ai/aff/semrush;Analytics;Utilize internet marketing to achieve quantifiable outcomes. Utilize a single tool to perform SEO, content marketing, competition analysis, PPC, and social media marketing.
Copy.ai;https://www.insidr.ai/aff/copyai;SEO & copywriting;Copy.ai offers the fastest and most efficient way to generate high-quality content. Copy.ai creates content that attracts readers and converts them while saving time and money thanks to cutting-edge AI technology.
SurferSEO;https://www.insidr.ai/aff/surfer;SEO & copywriting;SurferSEO is one of the absolute best SEO tools that will help write amazing SEO-optimized content. It will show you what you need to include in your articles, best keywords, current SEO score and how to improve, and basically makes sure every content piece is SEO-optimized and top notch. Comes with a free-trial.
Marketing Blocks AI;https://www.insidr.ai/aff/marketingblocks;Marketing;‚ÄòHuman-like‚Äô All-In-One AI Marketing Assistant. All your Landing Pages, Promo Videos, Ads, Marketing Copy, Graphics, Email Swipes, Voiceovers, Blog Post, Articles, Art & more - Done In 60 Secs By AI.
Contlo;https://www.insidr.ai/aff/contlo;Marketing;For omnichannel (Email, SMS, Push notifications, etc.) marketing, Contlo is one of the best AI-powered client Data & Marketing platform that helps D2C companies and e-commerce stores to automate tailored experiences, improve retention, and make more money.
Link Whisper;https://www.insidr.ai/aff/link-whisper;SEO;LinkWhisper helps you build internal links. Make it easy and seamless to build internal links and optimize SEO.
Bramework;https://www.insidr.ai/aff/bramework;SEO;Write Blog Posts 5X Faster. Bramework is an easy-to-use AI writer that helps bloggers, freelancers, and agencies save hours per blog post.
Rankmath;https://www.insidr.ai/aff/rankmath;SEO;Search Engine Optimization plugin for WordPress. RankMath is a powerful wordpress plugin for SEO. Optimize your content with built in suggestions, and SEO best-practice. Recommended by some of the best SEO-softwares.
Squirrly SEO;https://www.insidr.ai/aff/squirrly-seo;SEO;AI Marketing Tools. WordPress SEO plugins and more.
Notion AI;https://www.insidr.ai/aff/notion;Workspace;The all-in-one workspace. Leverage the limitless power of AI in any Notion page. Write faster, think bigger, and augment creativity. All you wiki's, docs and projects in one place. Notion is the connected workspace where better, faster work happens.
Taskade;https://www.insidr.ai/aff/taskade;Workspace;A second brain for your business team. A magical list to break down complexities and map out your collective mind. Unlock your collaborative brain and connect tasks, notes, and teams, in one unified workspace. AI-writing tools, notes and docs, tasks and projects, mind maps, video chats, and more.
Vwo;https://www.insidr.ai/aff/vwo;Low-code/no-code;Turn your visitors into paying customers. Set up your first experiment right away.
Morise.ai;https://www.insidr.ai/aff/moris;Viral videocontent;You make the content and Morise.ai will make them go viral using AI. Trained with the best performing content on YouTube, Morise.ai knows exactly what it takes for a video to go viral, you can focus on creating the content.
KWFinder;https://www.insidr.ai/aff/kwfinder;SEO;Keyword Research Tool
Mangools;https://www.insidr.ai/aff/mangools;SEO;Mangools is an amazing SEO tool for finding the best keywords, SERP for any location, ranking, backlinks and competition spying.
RankRanger;https://www.insidr.ai/aff/rankranger;SEO;Drive organic growth with the help of this All-in-One SEO tool. Professional SEO Software's unique insights, competitor analysis, and unmatched progress monitoring.
DEEPBRAIN (AI Studios);https://www.insidr.ai/aff/deepbrain;Video & AI character;Instantly produce AI-generated videos with simple writing using the 99% Reality AI Avatar. Create lifelike AI videos with ease and speed. To obtain your first AI movie in no more than five minutes, simply prepare your script and use our Text-to-Speech tool.
ProRank Tracker;https://www.insidr.ai/aff/prorank-tracker;SEO;Rank Tracking Software
SerpStat;https://www.insidr.ai/aff/serpstat;SEO;SEO Platform. Serpstat is one of the best growth hacking tools for SEO, Marketing, PPC and more. Optimize SEO with serpstat.
SEObility;https://www.insidr.ai/aff/seobility;SEO;SEO Tool
Zutrix;https://www.insidr.ai/aff/zutrix;SEO;SEO Tool
LongTailPro;https://www.insidr.ai/aff/longtailpro;SEO;Keyword Research Tool
Automatic Backlinks;https://www.insidr.ai/aff/automaticbacklinks;SEO;Backlink Exchange Service
SEO PowerSuite Professional - Yearly;https://www.insidr.ai/aff/seopowersuite;SEO;SEO Tool
SE Ranking;https://www.insidr.ai/aff/seranking;SEO;SEranking is your all-in-one SEO tool. Accurate keyword rank tracking, PPC/SEO competition analysis, website audits, backlink checking and monitoring.
Crorkwheel;https://www.insidr.ai/aff/crork;SEO;SEO Reseller Packages & Services
INK For All;https://www.insidr.ai/aff/inkforall;SEO & copywriting;AI Content Marketing without Negatively affecting Your Brand. AI content is being strictly prohibited by Google and other sites. INK for all can find it. There is now an all-encompassing AI Content Platform that prioritizes security.
Twinword Ideas;https://www.insidr.ai/aff/twinword;SEO;Keyword Research Tool
SEO GPT;https://www.insidr.ai/aff/seogpt;SEO;The only patent-pending AI SEO for white label in the world with 10X superior outcomes. Free White Label SEO, PPC, and Website Reseller Platform. Register to gain access to 30+ marketing services, free tools, sales funnels, PPC, and site creation.
Alli AI;https://www.insidr.ai/aff/alliai;SEO;AlliAI help you optimize, automate, deploy & scale SEO. Create rules for site-wide optimization and quickly apply code updates to specific pages. You may rapidly deploy modifications after editing and optimizing text, content, and code directly on the page in your browser. Do SEO more quickly, inexpensively, and effectively than ever.
Jaaxy;https://www.insidr.ai/aff/jaaxy;SEO;Keyword Research Tool
Nightwatch;https://www.insidr.ai/aff/nightwatch;SEO;SEO Tool
Rank Tracker;https://store.payproglobal.com/checkout?products%5B1%5D%5Bid%5D=69836&products%5B1%5D%5Bagreement-id%5D=10963;SEO;SEO Tool
Morning Score;https://www.insidr.ai/aff/morningscore;SEO;Morningscore is one of the best all-in-one SEO tool available. Easily fix your website health and optimize SEO and rankings with their gamified SEO tool.
Rank IQ;https://www.insidr.ai/aff/rankiq;SEO;SEO Tool
Keyword Research Tool Dominator;https://www.insidr.ai/aff/keywordtooldominator;SEO;Keyword Research Tool
Clicky.com;https://www.insidr.ai/aff/clicky;SEO;Web Analytics
Netpeak Software;https://www.insidr.ai/aff/netpeaksoftware;SEO;SEO Tool
Netpeak Spider;https://www.insidr.ai/aff/netpeakspider;SEO;SEO Tool - SEO Audit
Netpeak Checker;https://www.insidr.ai/aff/netpeakchecker;SEO;SEO Tool
Keyword Atlas;https://www.insidr.ai/aff/keywordatlas;SEO;Keyword Research Tool
NitroPack;https://www.insidr.ai/aff/nitropack;SEO;Website Speed Optimization
Ranked AI;https://www.insidr.ai/aff/ranked;SEO;SEO Affiliate Program
Shine Ranker;https://www.insidr.ai/aff/shine-ranker;SEO;Keyword Research and Site Audit Tool. Shine Ranker is an SEO site audit and keyword research tool that can help rank your website on Google and make money from it.
Web 2.0 Ranker;https://www.insidr.ai/aff/web2ranker;SEO;White Label Services
Crowdo;https://www.insidr.ai/aff/crowdy;SEO;Keyword Research and Site Audit Tool
Money Robot;https://www.insidr.ai/aff/moneyrobot;SEO;Link Builder
Ranked AI;https://www.insidr.ai/aff/ranked;SEO;SEO optimization: SEO Made Simple & Affordable, Weekly Content, On-Page Optimization, Backlinks & SEO Software
Advanced Web Ranking Starter;https://www.insidr.ai/aff/advancedwebranking;SEO;SEO tool for SEO optimization
CTRify;https://www.insidr.ai/aff/crtify;SEO;First AI-Powered SEO Action Platform Create websites that rank on Google by just giving one keyword to our Artificial Intelligence. Boost your SERPs rankings, organic CTR, Dwell time and Pogo Sticking thanks to our organic traffic from millions of real Desktop and Mobile devices connected from residential IPs of top Mobile Carriers from all locations of the World.
Kafkai;https://www.insidr.ai/aff/kafkai;SEO;Kafkai is a machine-learning algorithm that can write articles from scratch. Cutting-edge technology for marketers and SEOs.
Spinrewriter;https://www.insidr.ai/aff/spinewriter;SEO;Need unique content? Watch how to rewrite a single article into 500 articles in 45 seconds. With ENL technology, Spin Rewriter is the perfect tool for SEO specialists that need unique, human-quality content to rank higher on Google.
LongShot;https://www.insidr.ai/aff/longshot;SEO;Create blogs that humans and search engines love using Artificial intelligence. LongShot is an AI writing assistant that helps you and your team create helpful blogs that rank on Google.
Typli;https://www.insidr.ai/aff/typli;SEO;The most intuitive A.I Content tool which combines AI Writing and an SEO Assistant.
growthbar;https://www.insidr.ai/aff/growthbarseo;SEO;Write perfect SEO-friendly content for blog posts, website pages, and articles with AI.
Jasper.ai;https://jasper.ai/?source=partner&fpr=insidrai;Copywriting;Create amazing (blog posts, art & images, marketing copy, sales emails, SEO content, Facebook ads, web content, love letters, captions, video scripts, blog posts 10X faster with AI. Jasper is the AI Content Generator that helps you and your team break through creative blocks to create amazing, original content 10X faster.
Surfer;https://www.insidr.ai/aff/surfer;Copywriting;AI writing assistant
Word AI;https://www.insidr.ai/aff/wordai;Copywriting;AI writing assistant. WordAI.com offers advanced AI-powered content creation technology, allowing you to generate unique, readable, and SEO-optimized content with just a few clicks. It also includes advanced features like automatic spinning and paragraph and sentence restructuring, saving you time and effort.
SinCode;https://www.insidr.ai/aff/sincode;SEO & Copywriting;SinCode humanize your AI written content so you don‚Äôt get negative ratings from Google. SinCode will help you boost your SEO and all types of written content. Create SEO optimized plagiarism-free content for your blog, articles, website, email and all types of written content 10x faster.
INK For All;https://www.insidr.ai/aff/inkforall;Copywriting;AI Content Generation. AI Content Marketing without Negatively affecting Your Brand. AI content is being strictly prohibited by Google and other sites. INK for all can find it. There is now an all-encompassing AI Content Platform that prioritizes security.
Outranking IO;https://www.insidr.ai/aff/outrankio;Copywriting;AI writing assistant. Write SEO optimized texts.
Rytr;https://www.insidr.ai/aff/rytr;Copywriting;Rytr.me helps you write optimized content that convert 10x faster. Rytr is an AI writing assistant that enables you to produce excellent content quickly and inexpensively.
AI Writer;https://www.insidr.ai/aff/aiwriter;Copywriting;"AI-Writer.com is an AI-powered content creation platform that generates high-quality, human-like articles in minutes. With a simple interface and powerful machine learning algorithms, you can quickly generate content for websites, blogs, and marketing materials; creates articles from simply a title using cutting-edge AI writing models."
KafKai;https://www.insidr.ai/aff/kafkai;Copywriting;AI writing assistant
Writesonic;https://www.insidr.ai/aff/writesonic;Copywriting;WriteSonic.com is a cutting-edge writing assistance tool that uses advanced AI technology to help you write better, faster, and more efficiently. With features like automatic paraphrasing, tone analysis, and real-time suggestions, WriteSonic.com takes your writing to the next level.
ParagraphA;https://www.insidr.ai/aff/paragraphai;Copywriting;AI writing assistant
Speak AI;https://www.insidr.ai/aff/speakai;Copywriting;AI writing assistant: Video to blog converter
Texta AI;https://www.insidr.ai/aff/textaai;Copywriting;AI writing assistant: Create perfect blogposts with SEO-optimized text in minutes with Texta.
CopyGenius;https://www.insidr.ai/aff/copygenius;Copywriting;AI writing assistant: Copygenius uses artificial intelligence to write texts for websites, ad copy, blogs, descriptions, and anything you need copywriting for.
GrowthBar;https://www.insidr.ai/aff/growthbarseo;Copywriting;Write perfect SEO-friendly content for blog posts, website pages, and articles with AI. Make content that google loves in no time.
Copymatic;https://www.insidr.ai/aff/copymatic;Copywriting;AI writing assistant
Shakespeare AI;https://www.insidr.ai/aff/shakespeare;Copywriting;Shakespeare will write effectiv marketing copy for everything marketing using AI.
Textcortex AI;https://www.insidr.ai/aff/textcortex;Copywriting;Text Cortex is your one AI tool to write all the text copy you need, wether it's for your website, blog posts, ad copy, for marketing, or anything else - text cortex can do it effectively.
Warmbox AI;https://www.insidr.ai/aff/warmbox;Copywriting;AI writing assistant
Contentforge AI;https://www.insidr.ai/aff/contentforge;Copywriting;Contentforge will make all your text content for anything in just one click. Create texts for websites, blog, ad copy, emails, social media, and more.
WordHero;https://www.insidr.ai/aff/wordhero;Copywriting;Wordhero is for writers, marketers and business owners. Write great content in no time with just a few clicks. Texts for website, blogs, marketing copy, and anything else.
CrawlQ AI;https://www.insidr.ai/aff/crawlq;Copywriting;SoMe: AI writing assistant
Bertha AI;https://www.insidr.ai/aff/bertha;Copywriting;Utilize Bertha‚Äôs persuasive marketing text creation capabilities to captivate your audience and increase conversion rates. With Bertha, creating high-quality content for your website can be done much more quickly than doing it the manual way. Use the power of AI-driven copywriting and picture creation as you transform your approach to content development.
GoCharlie;https://www.insidr.ai/aff/gocharlie;Copywriting;Create Images, Blogs, Ads, Website Headlines all with the click of a button.
Anyword;https://www.insidr.ai/aff/anyword;Copywriting;Anyword‚Äôs AI writing assistant generates effective copy for anyone. Take the guesswork out of your marketing text with an AI copywriting tool that converts.
Content at Scale;https://www.insidr.ai/aff/contentatscale;Copywriting;AI writing assistant
Speak AI;https://www.insidr.ai/aff/speakai;Text to video;AI writing assistant - convert audio, video, text to transscripts
Hypotenuse ai;https://www.insidr.ai/aff/hypotenuse;Copywriting;Turn a few keywords into original, insightful articles, product descriptions and social media copy with AI copywriting‚Äîall in just minutes. Try it free today.
Digital First AI;https://www.insidr.ai/aff/digitalfirst;Copywriting;Create marketing plans in seconds using AI. Find the best growth-hacking tactics for your business with AI. Switch marketing to autopilot and grow.
Botowski;https://www.insidr.ai/aff/botowski;Copywriting;Botowski is your new personal AI copywriter.
VEG3;https://www.insidr.ai/aff/veg3;Copywriting;Join the beta test for the world's first vegan artificial intelligence marketing assistant.
Easy-Peasy.AI;https://www.insidr.ai/aff/easypeasy;Copywriting;Get your copywriting done faster and easier with ü§ñ AI tools. You can also use our AI avatar generator to generate avators. Easy-Peasy.AI believes that everyone has a story to tell. With our AI copywriting tools, we help you tell your story in the most engaging way possible.
Simplified;https://www.insidr.ai/aff/simplified;Copywriting;Simplified AI Writer is a free ai copywriting assistant that generates high-quality content for blogs, articles, product descriptions, websites & social media.
CopyMonkey;https://www.insidr.ai/aff/copymonkey;Copywriting;CopyMonkey generates and optimizes Amazon listings in seconds. AI helps place all of the important keywords in your Amazon listing to get you ranking organically on the first page.
Copysmith;https://www.insidr.ai/aff/copysmith;Copywriting;The chosen AI Copywriting Software for eCommerce teams & agencies. Generate more revenue than ever before. Sign up for your free trial today.
Creator AI;https://www.insidr.ai/aff/creatorai;Copywriting;Creaitor helps you write content in a more powerful, emotionally expressive way.
WiziShop;https://www.insidr.ai/aff/wizishop;Copywriting;Use WiziShop's Artificial Intelligence to write your e-commerce product descriptions, find inspiration for your future articles, easily go international, and generate more traffic to your store!
SmartScribe;https://www.insidr.ai/aff/smartscribe;Copywriting;Easily write texts. SmartScribe helps solve the complexities of reading and writing through the use of Artificial Intelligence.
Sudowrite;https://www.insidr.ai/aff/sudowrite;Copywriting;Bust writer‚Äôs block with our magical writing AI. Your always-available brainstorm buddy. Beta feedback without having to find beta readers. ‚ÄúShow, not tell‚Äù? We‚Äôve got a button for that.
Otter AI;https://www.insidr.ai/aff/otterai;Summarizer;Capture and share insights from your meetings. Otter records meetings, take notes in real-time, and generates an automated summary to share with everyone and to help you remember everything.
Humata;https://www.insidr.ai/aff/humata;Assistant;Upload a PDF and get answers from it. Create Reports 100X Faster. Understand Technical Documents 100X Faster. Analyze Legal Documents 100X Faster
Rephrasely;https://www.insidr.ai/aff/paraphrasetool;Paraphraser;Paraphrasing is a natural part of the writing process as it helps you clarify your thinking and suit your words to your audience. Using a Rephrasely helps structure and streamline this work, and our paraphrase tool offers 20 modes, many of them free, for accomplishing just this. The 20 modes we offer are diverse, including a summarize tool, a free grammar checker, a mode to simplify text, and a sentence shortener.
Paraphraser;https://www.insidr.ai/aff/paraphrasetool;Paraphraser;Paraphrase Tool uses AI to produce variations of your text in more than 100+ languages.
Moonbeam;https://www.insidr.ai/aff/moonbeam;Copywriting;Moonbeam's AI will give you everything you need to write killer long form content. Become 2x Better at Writing in 10 Minutes.
Quillbot;https://www.insidr.ai/aff/quillbot;Paraphraser;Quillbot will rewrite your text. Start for free by writing or pasting something and then clicking Paraphrase.
SMMAcademy;https://www.insidr.ai/aff/smmacademy;SMMA;How to start and run a SMMA up to 15.000 USD/month
IMG Courses;https://www.insidr.ai/aff/imgcourses;SEO;Netflix of online courses. Traffic and Income Generating Courses
PromptBox;https://www.insidr.ai/aff/promptbox;Prompts;Organise, edit, and save your AI prompts across different AI tools. Offers features like saving to prompt using right click.
Flatlogic;https://www.insidr.ai/aff/flatlogic;Developer tools;By utilizing OpenAI's natural language processing capabilities, Flatlogic offers a special integration that creates a database schema depending on the user's app description. Then, in a matter of minutes, the Flatlogic Full-Stack Web Generator produces a finished web application.
Tinq.ai;https://www.insidr.ai/aff/tinq;Developer tools;"A set of easy-to-use & cutting-edge NLP APIs. Popular APIs: Text Generation - Rewriter/Paraphraser Summarizer Integrate text analysis that is quick and strong into your apps. From topic categorization to sentiment analysis and entity extraction, we've got you covered. Make it happen in a matter of days, not months! Text analysis: Plagiarism Checker; Custom classifiers; Sentiment Analysis; Named-entity Recognition"
Phantom Buster;https://www.insidr.ai/aff/phantombuster;Automation;Leadgen
Go High Level;https://www.insidr.ai/aff/gohighlevel;CRM;CRM and Marketing Automation Platform
make.com;https://www.insidr.ai/aff/make;Automation;Powerful Automation Tool
Snov.io;https://www.insidr.ai/aff/snovio;Automation;Outreach Automation Platform
InstaChamp - Mobile Monkey;https://www.insidr.ai/aff/instachamp;Automation;Direct Messaging Automation
Postaga;https://www.insidr.ai/aff/postaga;CRM;Outreach CRM
ActiveCampaign;https://www.insidr.ai/aff/activecampaign;Automation;Automation Platform
Botnation;https://www.insidr.ai/aff/botnation;Automation;AI Chatbot
Elastic Mail;https://www.insidr.ai/aff/elasticmail;Email;Email Marketing
Nureply;https://www.insidr.ai/aff/Nureply;Email assistant;The AI-based cold email program Nureply revolutionizes email marketing with cutting-edge features that reduce time-consuming tasks and boost response rates. easily distributing highly tailored and effective cold emails. Utilize the cutting-edge AI technology of Nureply to experience the future of email marketing.
Zopto;https://www.insidr.ai/aff/zopto;Automation;Automation Platform
Dux-Soup;https://www.insidr.ai/aff/dux-soup;Automation;Automation Platform
Klenty;https://www.insidr.ai/aff/klenty;Automation;Automation Platform
Mailrush;https://www.insidr.ai/aff/mailrush;Automation;Automation Platform
Stripo Email;https://www.insidr.ai/aff/stripo;Email;Email Marketing
Hoppycopy;https://www.insidr.ai/aff/hoppycopy;Email;Email Marketing
LambdaTest;https://www.insidr.ai/aff/lambda;Automation;Automation Platform
Saleshandy;https://www.insidr.ai/aff/saleshandy;Automation;Automation Platform
Alfred;https://www.insidr.ai/aff/meetalfred;Linkedin Automation;Alfred is a GPT Chat Assistant for iOS. It is a new AI-powered search and content creation engine, combining ads-free search and content creation into one easy-to-use app experience. Powered by OpenAI's groundbreaking GPT-3, Alfred understands your natural language and provides accurate and relevant answers. With Alfred, searching and finding information has never been easier or more convenient. Try it now and experience the future of search and content creation.
Salesflow;https://www.insidr.ai/aff/salesflow;Automation;Automation Platform
AWeber;https://www.insidr.ai/aff/aweber;Email;Email Marketing
OctopusCRM;https://www.insidr.ai/aff/octopus;Automation;Automation Platform
Browse AI;https://www.insidr.ai/aff/browseai;Automation;scrape data from websites
Hiver;https://www.insidr.ai/aff/hiver;Customer Support;The AI Sidekick that makes teams more productive
Luna;https://www.insidr.ai/aff/luna;Email Assistant;Personalize Cold Emails Instantly with Luna. Automated messages are dead these days. Get more replies on your cold emails with Luna - World's first software application that uses AI to suggest new high-quality leads every day and send them the personal emails they deserve.
Smartwriter;https://www.insidr.ai/aff/smartwriter;Sales;Use AI to create highly personalised cold emails or Linkedin messages that convert readers to customers. No experience needed. Find leads, create tailored personalised copy and make sales. AI Cold Emails
Sheet AI;https://www.insidr.ai/aff/sheetai;Spreadsheets;Available for Google Sheets and Excel (Coming Soon) Skip the learning and get straight to work. Use AI to transform your text instructions into a Google Sheet formula quickly. (Going live in 2-3 weeks)
AskAI;https://www.insidr.ai/aff/askai;Spreadsheets;Create your own ChatGPT and add it to your website by adding your content. Spend less time looking and get quick answers from all of your material.
"tl;dv";https://www.insidr.ai/aff/tldv;Spreadsheets;Powered by GPT. The AI meeting assistant take your meeting notes for you. You just focus on the meeting. The meeting recorder that transcribes & summarizes your calls with customers, prospects, and your team. Full overview, notes, and bite-sized videoclips from the meetings, all integrated with your favorite apps.
Ideabuddy;https://www.insidr.ai/aff/ideabuddy;Startup;Bring your business idea to life. All-in-one business planning software that helps you turn your great idea into a successful business.
Jasper.ai;https://www.insidr.ai/aff/jasper;Video & Image;Create amazing (blog posts, art & images, marketing copy, sales emails, SEO content, Facebook ads, web content, love letters, captions, video scripts, blog posts 10X faster with AI. Jasper is the AI Content Generator that helps you and your team break through creative blocks to create amazing, original content 10X faster.
Pictory;https://www.insidr.ai/aff/pictory;Video;Generate short, brand-focused, and easily shareable videos from your lengthy content automatically. Effortless, economical and no technical expertise or software installation needed. Create short branded videos from long-form content, turn sales scripts into video content in minutes, transform your blogposts into videos, and add caption automatically.
Synthesia;https://www.insidr.ai/aff/synthesia;Video;Synthesia.io lets you convert simple text into videos in seconds. It is currently one of the best platforms for creating AI videos. It is used by thousands of businesses to produce videos in 120 languages while saving them up to 80% of their time and money. Synthesia provides atime- & cost effective alternative to the traditional video creation.
Short Pixel;https://www.insidr.ai/aff/shortpixel;Image;Easily compress and optimize your images with Short Pixel
Looka;https://www.insidr.ai/aff/looka;Logo maker;Looka Logo Maker combines your logo design preferences with Artificial Intelligence to help you create a custom logo you'll love.
LogoAI;https://www.insidr.ai/aff/logoai;Logo maker;New Logo & Brand Design. Let AI-powered logo maker generate your new logo, create matching stationery, and design a brand you love.
Canva;https://www.insidr.ai/aff/canva;Creatives & branding;Canva is the perfect tool for all creatives, branding presentations and more. Thousands of templates and now also with Brand-new AI technology that generates whatever image you describe.
Magic Studio;https://www.insidr.ai/aff/magicstudio;Image Editing;With their AI picture altering tools, create striking images in a matter of seconds. Without Photoshop or Illustrator, you can eliminate unwanted elements, change backdrops, or expand your images. Words can be used to draw images, or you can let AI make beautiful profile photos of you.
InVideo;https://www.insidr.ai/aff/invideo;Video;Online Video Maker and Editor. You may create videos of a professional caliber right away using InVideo. Because of its user-friendly templates that can be quickly customized even by individuals without prior knowledge, InVideo makes the process of creating videos simple.
Specterr;https://www.insidr.ai/aff/specterr;Video;"Specterr makes your music into a captivating visual experience. Create custom music visualizers in a flash, and take your audience engagement to new heights with stunning videos. No software download required; web-based editor that customizing your visualizer in real-time with the live video preview that moves to the beat of your music. Specterr makes it effortless to create a killer video in just a few minutes."
Flexclip;https://www.insidr.ai/aff/flexclip;Video;FlexClip is simple, practical software for producing short, captivating videos. Make beautiful videos in minutes with its straightforward user interface. Thousands of templates to create and edit videos for your brand, website, marketing, social media, family, or anything else.
Bannerbear;https://www.insidr.ai/aff/bannerbear;Video;"Maximize your marketing efficiency & growth with Bannerbear. No more manual marketing tasks; automate with the powerful API and seamless integrations. Generate stunning social media visuals, ecommerce banners, and more with ease, allowing you to scale your marketing efforts and reach new heights of success."
AI Art Shop;https://www.insidr.ai/aff/aiartshop;Image;AI Art Shop provides a big collection of art created by artificial intelligence, by many different artist. Buy AI-art with free shipping, or make your own AI-art, images, NFT‚Äôs and AI-paintings. Explore a wide range of unique art pieces that blend technology and art in a seamless harmony.
GoCharlie;https://www.insidr.ai/aff/gocharlie;Image & Text;Create Images, Blogs, Ads, Website Headlines all with the click of a button.
Profile Picture AI;https://www.insidr.ai/aff/profilepicture;Avatars;Create your perfect profile picture with AI. Your profile picture is the first thing people see when they look at your profile. We use artificial intelligence to generate an image of you that looks perfect and captures who you are. You can be anything, anywhere, or anyone!
HairstyleAI;https://www.insidr.ai/aff/hairstyleai;Avatars;Use the powerful AI technology to generate different hairstyles. See which one suits you best. Works for male and female haircuts.
Supermeme.ai;https://www.insidr.ai/aff/supermeme;Memes;Generate original memes powered by AI in 110+ languages. Step up your meme marketing game with our AI meme generator.
Palette.fm;https://www.insidr.ai/aff/palette;Image Editing;Colorize Black and White Pictures Automatic, no sign-up, and Free!
Getimg.ai;https://www.insidr.ai/aff/getimg;Image generator;Everything you need to create images with AI. Magical AI art tools. Generate orginal images, modify existing ones, expand pictures beyond its orginal borders, and more.
PhotoAI;https://www.insidr.ai/aff/photoai;Image generator;Photo AI is the first synthetic AI photographer. It lets you train people as AI models and then take photorealistic AI photos with them. You can do photo shoots anywhere in the world with models wearing any clothes.
Emergent Drums;https://www.insidr.ai/aff/audialab;Music;Generate unique drum samples using artificial intelligence. Use our breakthrough plugin to generate endless drum samples, all royalty-free.
Mubert;https://www.insidr.ai/aff/mubert;Music;Mubert - The new royalty-free music ecosystem for content creators, brands and developers üî•. Come See How Our High-Quality Music Can Elevate Your Content ‚è©!
Castmagic;https://www.insidr.ai/aff/castmagic;Music;Turn audio into content, like magic. Upload your MP3, download all your post production content. Turn your audio into ready to post content pieces.
BHuman;https://www.insidr.ai/aff/bhuman;Personalized Videos;Produce a single video and personalize it for thousands of recipients. Deliver over any channel and measure results instantly. You can do this by recording your template, connecting your data and then generating personalized videos.
Eilla AI;https://www.insidr.ai/aff/eilla;Copywriting & creatives;Eilla.ai is an AI-powered assistant that generates high-quality content for your business, blogs, ads, emails and realistic images or art. Get started for free, no credit card required!
Play.ht;https://www.insidr.ai/aff/playht;Text to voice;AI-powered text to voice generator. Generate realistic Text to Speech (TTS) audio using our online AI Voice Generator and the best synthetic voices. Instantly convert text in to natural-sounding speech and download as MP3 and WAV audio files.
Descript;https://www.insidr.ai/aff/descript;Text to voice;Create a text to speech model of your voice. Try a live demo.
Listnr;https://www.insidr.ai/aff/listnr;Text to voice;AI Voice Generator with over 600+ voiceovers in 80+ languages, go from Text to Voice in seconds, export your voices easily in MP3 or WAV format.
Munch;https://www.insidr.ai/aff/getmunch;Video Editing;Automagically Turn long-form vids into data-driven short clips for social media. Munch generates exposure and engagement by harvesting top interest from TikTok, IG, YT, and FB users and applying it to your AI-generated clips.
Fliki;https://www.insidr.ai/aff/fliki;Video Generator;Create videos from scripts or blog posts using realistic voices in 2 minutes! Transform blog articles into videos. Lifelike Text to Speech Voices. Rich stock media library. Trusted by 30k+ content creators from companies like Google, Meta, Bytedance and Upwork.
Colossyan;https://www.insidr.ai/aff/colossyan;Video Generator;Colossyan Creator makes video creation simple and stress-free. Discover our AI video creator with real actors. Create videos in less than 5 minutes. Start for free here.
VidIQ;https://www.insidr.ai/aff/vidiq;Video Planner;Boost your YouTube views with AI. Get free insights and guidance to keep your channel growing.
Movio;https://www.insidr.ai/aff/movio;Video;Create Engaging Videos 10X Faster With AI. Turn text into spokesperson video by typing and clicking.
Adcreative.ai;https://www.insidr.ai/aff/adcreative;Creatives;Generate conversion focused ad creatives and social media post creatives in a matter of seconds using Artificial Intelligence. Get better results while saving time.
Jasper.ai;https://www.insidr.ai/aff/jasper;Posts;Create amazing (blog posts, art & images, marketing copy, sales emails, SEO content, Facebook ads, web content, love letters, captions, video scripts, blog posts 10X faster with AI. Jasper is the AI Content Generator that helps you and your team break through creative blocks to create amazing, original content 10X faster.
Manychat;https://www.insidr.ai/aff/manychat;Bot;Facebook and Texting Bots
Predis.ai;https://www.insidr.ai/aff/predis;Creatives;Make SoMe posts
Repurpose.io;https://www.insidr.ai/aff/repurpose;SoMe planner;plan SoMe post everywhere free
Followr.ai;https://www.insidr.ai/aff/followr;SoMe automation;Content and posting on social media automatically with AI. Advanced analytics, AI-assisted content production, and automated scheduling may all be used to improve your strategy and boost engagement on your social media platforms.
InVideo;https://www.insidr.ai/aff/invideo;Video;Online Video Maker and Editor
Shuffl;https://www.insidr.ai/aff/Shuffl;Video;Shuffll is a cutting-edge video production platform that uses AI technology to streamline the creation process. Our platform allows businesses to easily create high-quality, personalized video content in a fraction of the time it would take using traditional methods.
KENJI;https://www.insidr.ai/aff/kenji;Bot;Social Media Bot (AI powered)
Nitreo;https://www.insidr.ai/aff/nitreo;Bot;Social Media Bot
FlockSocial;https://www.insidr.ai/aff/flocksocial;Bot;Social Media Bot
GetAFollower;https://www.insidr.ai/aff/getafollower;Bot;Social Media Bot
Media Mister;https://www.insidr.ai/aff/mediamister;Bot;Social Media Bot
Content Studio;https://www.insidr.ai/aff/contentstudio;SoMe planner;Social Media Management
SubPals;https://www.insidr.ai/aff/subpals;Bot;YouTube subscribers growth platform
Stormviews;https://www.insidr.ai/aff/stormviews;Bot;Youtube Bot
Sonuker;https://www.insidr.ai/aff/sonuker;Bot;Youtube Bot
CaffeinatedCX;https://www.insidr.ai/aff/caffeinated;Customer Support;Solve customer tickets 10x faster with AI. Caffeinated CX is the AI autofill tool that helps your cx team solve support tickets 10x faster.
Podcastle;https://www.insidr.ai/aff/podcastle;Podcast;AI Editing Tool
Ocoya;https://www.insidr.ai/aff/ocoya;Social media;A platform to create, auto-generate and schedule content quicker. Content marketing, copywriting and social media in minutes!
CrawlQ.ai;https://www.insidr.ai/aff/crawlq;Social media;"Create ""Brand Love"" with Your Audience. CrawlQ delivers high-emotional, high-empathy, high-ROI, audience-centric creative work with global reach."
SamCart;https://www.insidr.ai/aff/samcart;Funnels;Checkout Software
Systeme.io;https://www.insidr.ai/aff/systemeio;All-in-one;All-In-One Marketing Platform
ClickFunnels;https://www.insidr.ai/aff/clickfunnels;Funnels;Website And Sales Funnel Builder
Shopify;https://www.insidr.ai/aff/shopify;Webshop;Shopify affiliate
Siteground;https://www.insidr.ai/aff/siteground;Host;Website Hosting
Web Node;https://www.insidr.ai/aff/webnode;Website;Website Builder
Strikingly;https://www.insidr.ai/aff/strikingly;Website;Website Builder
Hello Bar;https://www.insidr.ai/aff/hellobar;Website;Popup Builder
Pagegenie;https://www.insidr.ai/aff/Pagegenie;Landingpage;Instantly create a landing page from your product concept. With the help of AI, PageGenie converts your prompt into a complete landing page.Spend less time looking and get quick answers from all of your material.
Convertri;https://www.insidr.ai/aff/convertri;Funnels;Landing Pages
HawkHost;https://www.insidr.ai/aff/hawkhost;Host;Website Hosting
LightningBase;https://www.insidr.ai/aff/lightningbase;Host;Website Hosting
HostMetro;https://www.insidr.ai/aff/hostmetro;Host;Website Hosting
PureLander;https://www.insidr.ai/aff/purelander;Funnels;Landing Pages
phonesites.com;https://www.insidr.ai/aff/phonesites;Funnels;Build landingpages on phone
Ucraft;https://www.insidr.ai/aff/ucraft;Website;For building websites
Elementor;https://www.insidr.ai/aff/elementor;Website builder;The #1 wordpress website builder, element for wordpress, plugins and weidgets available.
Duda;https://www.insidr.ai/aff/duda;Website;Duda is a website builder for digital marketing businesses. This no-code platform is designed for marketing agencies that will cover all marketing needs.
Elegant themes;https://www.insidr.ai/aff/elegantthemes;WordPress;WordPress theme
